{
  "intro_01": 7.758367346938775,
  "intro_02": 3.1608163265306124,
  "intro_03": 9.430204081632652,
  "intro_04": 7.706122448979592,
  "intro_05": 2.27265306122449,
  "intro_06": 16.3265306122449,
  "intro_07": 8.359183673469389,
  "intro_08": 8.54204081632653,
  "chatgpt_01": 4.83265306122449,
  "chatgpt_02": 12.199183673469388,
  "chatgpt_03": 7.418775510204082,
  "chatgpt_04": 7.784489795918367,
  "chatgpt_05": 4.83265306122449,
  "chatgpt_06": 4.83265306122449,
  "chatgpt_07": 6.6873469387755105,
  "chatgpt_08": 8.489795918367347,
  "chatgpt_09": 7.1053061224489795,
  "chatgpt_10": 6.347755102040816,
  "chatgpt_11": 4.675918367346939,
  "chatgpt_12": 4.911020408163266,
  "gemini_01": 3.996734693877551,
  "gemini_02": 12.564897959183673,
  "gemini_03": 3.84,
  "gemini_04": 7.053061224489796,
  "gemini_05": 7.6538775510204085,
  "gemini_06": 2.089795918367347,
  "gemini_07": 5.877551020408164,
  "gemini_08": 5.146122448979592,
  "gemini_09": 3.84,
  "gemini_10": 3.7877551020408164,
  "gemini_11": 5.250612244897959,
  "gemini_12": 4.963265306122449,
  "gemini_13": 2.115918367346939,
  "ending_01": 7.471020408163265,
  "ending_02": 3.5787755102040815,
  "ending_03": 3.422040816326531,
  "ending_04": 2.9257142857142857,
  "ending_05": 1.5151020408163265,
  "ending_06": 6.504489795918367,
  "ending_07": 5.459591836734694,
  "ending_08": 2.507755102040816,
  "ending_09": 8.385306122448979,
  "ending_10": 4.362448979591837,
  "ending_11": 4.597551020408163
}